{
	"description": "项目配置文件",
	"packOptions": {
		"ignore": []
	},
	"setting": {
		"urlCheck": false,
		"es6": true,
		"postcss": true,
		"minified": true,
		"newFeature": true,
		"autoAudits": false,
		"checkInvalidKey": true
	},
	"compileType": "miniprogram",
	"libVersion": "2.7.0",
	"appid": "wx27416db6d8d90886",
	"projectname": "%E7%8B%82%E6%96%A9%E7%8E%9B%E6%B3%95%E5%B1%A0%E9%BE%99%E5%85%AC%E4%BC%9A_%E7%BA%BF%E4%B8%8A_%E5%BE%AE%E6%93%8E",
	"debugOptions": {
		"hidedInDevtools": []
	},
	"isGameTourist": false,
	"simulatorType": "wechat",
	"simulatorPluginLibVersion": {},
	"condition": {
		"search": {
			"current": -1,
			"list": []
		},
		"conversation": {
			"current": -1,
			"list": []
		},
		"plugin": {
			"current": -1,
			"list": []
		},
		"game": {
			"currentL": -1,
			"list": []
		},
		"miniprogram": {
			"current": 0,
			"list": [
				{
					"id": -1,
					"name": "审核",
					"pathName": "rand/pages/mask/mask",
					"scene": null
				}
			]
		}
	}
}