{
    "usingComponents": {
        "guangchangwu": "../guangchangwu_component/index",
        "suibi": "../suibi_component/index",
        "zhubo": "../zhubo_component/index",
        "bizhi": "../bizhi_component/index",
        "dianshang": "../dianshang_component/index",
        "baodian": "../baodian_component/index",
        "dianjing": "../dianjing_component/index",
        "tnews": "../tnews_component/index",
        "youxiku": "../youxiku_component/index",
        "tupian": "../tupian_component/index",
        "zixun": "../zixun_component/index",
        "rili": "../rili_component/index",
        "gameinfo": "../gameinfo_component/index",
        "muban13": "../muban13_component/index",
        "jisuan": "../jisuan_component/index",
        "muban14": "../muban14_component/index"
    }
}