{"page":{"pages/newVideo/newVideo.html":{"window":{"enablePullDownRefresh":true,"usingComponents":{"pushTemp":"../compenents/pushTemplate/pushTemplate","adBrand":"../compenents/adBrand/adBrand"}}},"pages/newDetails/newDetails.html":{"window":{"enablePullDownRefresh":true,"usingComponents":{"pushTemp":"../compenents/pushTemplate/pushTemplate","adBrand":"../compenents/adBrand/adBrand","txv-video":"plugin://wxa75efa648b60994b/video"},"backgroundColor":"#000"}},"pages/operatorVideo/operatorVideo.html":{"window":{"enablePullDownRefresh":true}},"pages/webView/webView.html":{"window":{"usingComponents":{},"backgroundTextStyle":"dark","navigationBarBackgroundColor":"#000","navigationBarTitleText":"小音视频","navigationBarTextStyle":"white"}},"pages/compenents/adBrand/adBrand.html":{"window":{"component":true,"usingComponents":{"pushTemp":"../pushTemplate/pushTemplate"}}},"pages/compenents/pushTemplate/pushTemplate.html":{"window":{"component":true}},"pages/videoAd/videoAd.html":{"window":{"enablePullDownRefresh":true,"usingComponents":{"pushTemp":"../compenents/pushTemplate/pushTemplate","adBrand":"../compenents/adBrand/adBrand","txv-video":"plugin://wxa75efa648b60994b/video"},"backgroundColor":"#000"}},"pages/imageAd/imageAd.html":{"window":{"enablePullDownRefresh":false,"usingComponents":{"richText":"../compenents/richText/richText","adBrand":"../compenents/adBrand/adBrand","pushTemp":"../compenents/pushTemplate/pushTemplate","txv-video":"plugin://wxa75efa648b60994b/video"},"backgroundColor":"#000"}}},"entryPagePath":"pages/newVideo/newVideo.html","pages":["pages/newVideo/newVideo","pages/newDetails/newDetails","pages/operatorVideo/operatorVideo","pages/webView/webView","pages/compenents/adBrand/adBrand","pages/compenents/pushTemplate/pushTemplate","pages/videoAd/videoAd","pages/imageAd/imageAd"],"global":{"window":{"backgroundTextStyle":"dark","navigationBarBackgroundColor":"#000000","navigationBarTitleText":"小猫祝福","navigationBarTextStyle":"white","onReachBottomDistance":1000}},"plugins":{"myPlugin":{"version":"1.2.8","provider":"wxa75efa648b60994b","subpackage":"__APP__"}},"navigateToMiniProgramAppIdList":["wx6eb9e5f79b2e8712","wxe1d1d4673f907d4b","wx9162a01015fa3a8c","wxdba0cb5d6113a694","wx03087dfa16e77815","wx78f0e7f7ff854ba8","wx69e44c50e74e2d33","wx53ee51435ca7cb2b"]}