{
    "usingComponents": {
        "scope-data": "../../components/ScopeData/index",
        "header": "./components/Header/index",
        "rating-card": "./components/RatingCard/index",
        "intro": "./components/Intro/index",
        "celebrities": "./components/Celebrities/index",
        "arrow-text": "../../components/ArrowText/index",
        "trailers-photos": "./components/TrailersPhotos/index",
        "interests-card": "./components/InterestsCard/index",
        "subjects-scroll-x": "../../components/SubjectsScrollX/index",
        "reviews-feed": "./components/ReviewsFeed/index",
        "custom-nav": "/components/custom-nav/index"
    }
}